Death,Loss
1.491361694,4
2.903089987,5.622421274
1.698970004,3.610660163
1.919078092,5.204119983
1.531478917,4.064457989
1.84509804,4.862727528
2.113943352,3.954242509
1.230448921,3
1.176091259,4.079181246
1.653212514,4.477121255
2.100370545,4.897627091
1.176091259,3.698970004
2.012837225,4.612783857
1.531478917,4.342422681
1.602059991,5.380211242
1.633468456,4.278753601
1.51851394,4.77815125
1.041392685,3
1.041392685,3.875061263
1.875061263,4.410996434
2.662757832,5.397940009
1.041392685,4.113943352
1.041392685,2.681241237
2.540329475,5.204119983
1.113943352,4.361727836
2.938019097,4.633468456
1.77815125,4.875061263
2.307496038,5.235528447
0.903089987,3.77815125
1.146128036,5.130333768
1.176091259,3.698970004
1,4.123459619
1.041392685,4.841628474
2.252853031,5.238046103
1.397940009,4.053078443
1.672097858,5.227886705
1.146128036,3.380211242
1.662757832,6.77815125
1.255272505,6.871572936
2.946452265,5.839792184
1.491361694,5.698970004
1.146128036,5.443200382
1.397940009,6.903089987
1.204119983,5.51851394
1.602059991,4.633468456
2.187520721,4.230448921
1.949390007,5.176091259
1.973127854,4.491361694
1.556302501,4.176091259
1.707570176,4.759667845
1.491361694,4
2,4.531478917
1.079181246,3
1.755874856,4
1.414973348,3.698970004
1.079181246,5.698970004
1.69019608,4.079181246
1.041392685,5.462397998
2.926342447,6.176091259
1.897627091,4.556302501
2.176091259,1
4.301138556,6.418798291
1.079181246,2.698970004
2.086359831,4
2.498310554,5.542202782
1.740362689,3.77815125
0.477121255,4.380211242
1.204119983,4.176091259
1.919078092,3.602059991
1.462397998,4.892094603
1.612783857,6.77815125
2.096910013,5.672097858
0.954242509,3.698970004
2.161368002,5.477121255
1.041392685,4.380211242
1.477121255,4.397940009
2.365487985,4.83610248
1.51851394,6.438225808
2,4.954242509
1.792391689,4.880813592
1.544068044,4.230448921
1.505149978,4.397940009
2.322219295,5.390935107
1.278753601,4.77815125
1.431363764,5.84509804
0,3.77815125
1.662757832,3.698970004
2,4.602059991
2,5.380211242
1.204119983,4.230448921
1.568201724,3.903089987
2.017033339,4.389166084
2.614897216,4.896526217
1.748188027,4.176091259
2.491361694,4.924279286
2.301029996,3.477121255
2,3
1.903089987,5.903089987
1.681241237,4.414973348
1.431363764,5.477121255
1.477121255,5.397940009
2.056904851,3.973127854
1.301029996,3.672097858
1.322219295,3.698970004
1.204119983,3
2.462397998,4.356025857
2.96425963,5.477121255
1.301029996,4.740362689
1.176091259,3.342422681
1.698970004,4.653212514
1.819543936,5.222716471
2.220108088,5.079181246
2.164352856,5.012837225
1.041392685,2.593286067
1.041392685,4.771293443
1.447158031,4.612561356
2.301029996,3.954242509
2.176091259,5.544068044
1.62324929,4.977723605
1.880813592,5
1.447158031,5.602059991
1.176091259,3.234010818
1.544068044,3.161368002
1,6.342422681
1.491361694,3
1.146128036,5.301029996
2.899273187,6.491361694
1.959041392,5.646403726
2.356025857,5.477121255
1.672097858,2.698970004
1.51851394,3
1,6
1.792391689,3.753123245
1.342422681,3.698970004
1.041392685,4.586587305
1.431363764,7.064457989
1,3.342422681
1.380211242,3.452706227
2.222716471,5.698970004
2.217483944,5.73239376
1.51851394,4.301029996
2.250420002,3.62324929
1.591064607,3.602059991
1.462397998,2
1.462397998,3.176091259
1.342422681,1.477121255
2.264817823,6.62324929
0.477121255,2.698970004
1.414973348,5
0,4.301029996
0,1.698970004
1.361727836,6.075546961
1.913813852,4.378397901
1.113943352,5.806179974
1.740362689,4.763427994
2.187520721,4.554210444
1.041392685,6.255272505
1.477121255,5.900913068
1.556302501,5.84509804
1.113943352,3.204119983
1.903089987,5.301029996
1.477121255,5.653694795
1.431363764,4.51851394
1.86923172,4.041392685
1.62324929,3.517459827
1.146128036,2.376576957
1.755874856,3.523746467
1.230448921,4.477121255
1.462397998,5.065579715
2.428134794,5.195899652
1.477121255,4.204119983
0.301029996,4.602059991
1.880813592,3.597804842
1.477121255,3
1.361727836,6.012081823
2.247973266,5.130333768
1.653212514,6.602059991
1.579783597,5.204119983
2.371067862,4.462397998
3.355259906,6.698970004
3.08278537,5.602059991
1.707570176,3.602059991
1.113943352,3.390051496
2.633468456,6.897077003
1.477121255,6.683947131
1.361727836,3.84509804
1.301029996,5
1.322219295,4.422721126
1.204119983,4.875061263
1.176091259,2.431363764
1.146128036,6.238046103
1.301029996,4.740362689
2.537819095,5.447158031
3.016615548,5.447158031
3.971043792,6.217483944
4.17868924,5.944482672
4.289811839,6.643452676
4.302958319,6.643452676
2.460897843,4.903089987
2.089905111,6.387389826
1.579783597,5.382017043
1.204119983,6.527629901
1.716003344,4.505149978
0.477121255,4.77815125
0.954242509,4.602059991
1.785329835,4.544068044
1.041392685,3.286231854
1.698970004,4.447158031
2.40654018,3.84509804
1.838849091,3
4.428069969,5.698970004
1.176091259,4.579783597
2.206825876,5.481442629
1.826074803,5.227886705
1.113943352,3.984077034
1.113943352,6.322219295
1.748188027,4.77815125
1.568201724,3
1.462397998,3.544068044
2.797959644,5.602059991
0.602059991,5.544068044
1.204119983,3.602059991
1.491361694,3
1.544068044,5.217483944
2.372912003,2.837588438
1.447158031,2.568201724
1.146128036,3.84509804
1.672097858,5.557507202
1.447158031,4.293738118
1.447158031,5.602059991
1.72427587,3.903089987
2.123851641,6.041392685
1,3.744136452
1.380211242,4.301029996
2.274157849,6.340444115
0.602059991,6
0,5.477121255
1,7.204119983
1.041392685,5.698970004
0.903089987,3
2.346352974,5.673020907
1.612783857,6.954242509
0,3.698970004
0.301029996,6.535304249
0.602059991,3
1.591064607,5.948901761
0.477121255,3
1.176091259,5.774516966
0,3
1.716003344,7.255272505
0.954242509,5.740362689
1.041392685,5.471291711
3.439963936,4.698970004
0.301029996,5
0.77815125,6.903089987
1.397940009,5.86923172
1.949390007,6.361727836
1.602059991,7.447158031
1.505149978,4.740362689
3.209246849,4.893206753
1.113943352,4
0.301029996,5.243038049
0.301029996,5.698970004
5.219343476,6.648516134
4.214552455,6.009790719
0,5
4.548990994,6.119420863
2.008600172,5.672190251
1.851258349,5.698970004
1.903089987,5.698970004
2.474216264,5
0.477121255,4.477121255
3.921426341,6
2.322219295,5.440909082
1.079181246,4.602059991
1.447158031,5.301029996
1.301029996,5.544068044
2.414973348,3.698970004
2.716003344,4.477121255
1.748188027,4
2.155336037,3.698970004
2.397940009,4.698970004
2.786751422,4.903089987
1.556302501,5.477121255
1.278753601,4.228272002
2.193124598,3.698970004
0,2.698970004
0.698970004,1.301029996
1.62324929,3.079181246
2.068185862,4.653212514
1.041392685,3.698970004
1.763427994,5.783188691
2.378397901,6.361727836
2.371067862,6.334453751
1.204119983,6.146128036
1.602059991,4.698970004
0,4.477121255
0.698970004,6.348304863
1.380211242,5.903089987
1.041392685,6.311753861
1.204119983,4.792391689
3.079181246,6.522444234
1.77815125,2.167317335
1.322219295,5.08278537
0.602059991,5.84509804
0.77815125,6.322219295
0,5.342422681
3.263162465,8.096910013
0.84509804,5.301029996
1.51851394,5.495544338
1.716003344,5.960470778
2.201397124,6.278753601
0.477121255,4.579783597
1.505149978,6
0.698970004,3.698970004
1.204119983,2.748188027
1.397940009,6.243038049
0.903089987,4.301029996
1.397940009,6.017033339
1.204119983,3.301029996
1,4.301029996
1.875061263,5.340939602
1.949390007,5.62324929
0,4.301029996
3.179838928,5.994888795
0.77815125,5
1.556302501,6.397940009
1.838849091,5.551083865
0,1.698970004
3.116939647,6
4.865329062,6.716003344
1.230448921,4.176091259
1.278753601,5.068185862
1.301029996,5.380211242
1.301029996,4.041392685
1.826074803,4.079181246
1.672097858,4.190331698
0,5.477121255
0,1.698970004
1.278753601,5.574031268
1.740362689,4.986771734
1.838849091,4.431363764
2.064457989,6
2,4.51851394
0,5.204119983
1.278753601,5.256958153
0.698970004,5.432969291
2.193124598,4.431363764
1.397940009,4.544068044
1.041392685,4.039136399
1.278753601,4.432969291
3.051538391,3.343014497
1.591064607,4.397940009
1,6.079181246
1.799340549,4.625950046
1.447158031,5.77815125
1.079181246,6.204119983
1.322219295,5.522444234
1.146128036,4.204119983
1.342422681,4.556302501
1.361727836,5.67669361
1.612783857,3.522183318
2.064457989,4.397940009
3.761777538,6.491361694
1.698970004,5.149219113
2.372912003,4.741939078
1.62324929,4.041392685
1.041392685,6
2.913813852,6.52179165
1.568201724,3.477121255
2.904174368,4.740362689
2.037426498,5.564666064
0.602059991,2.673020907
1.949390007,5.954242509
0.77815125,5.130333768
2.544068044,6.530199698
2.697229343,3.505149978
0.77815125,5.161368002
2.644438589,6.399673721
1.62324929,3.903089987
1,6.397940009
2.357934847,5.053078443
1.851258349,5.79518459
2.214843848,3.997386384
1.531478917,3.957942335
1.397940009,3.477121255
1.672097858,5.501059262
3.145817714,4.822168079
1.977723605,5.658964843
1.113943352,4
0.77815125,4.342422681
1.204119983,4.755874856
1.230448921,5.450249108
2.127104798,6.463892989
1.770852012,5.096910013
0.301029996,5.653212514
0.602059991,5.176091259
1.041392685,6.740362689
0.477121255,5.397940009
1.113943352,6.079181246
0.84509804,5.740362689
0.77815125,5
1.230448921,5.781755375
1.812913357,5.698970004
1.602059991,4.954242509
1.301029996,5.113943352
1.832508913,5.98721923
1,0.954242509
1.204119983,5.146128036
1.301029996,5.77815125
1.826074803,5.301029996
1.903089987,5.380211242
0.698970004,4
1.113943352,4.414973348
1.342422681,4.132291716
0.954242509,6.113943352
2.079181246,4.146128036
1.880813592,6.591064607
1.633468456,4.892094603
1.079181246,4.342422681
2.383815366,6.209515015
1,4.447158031
2.176091259,5.477121255
2.728353782,6.645977556
1.322219295,3.857332496
2.330413773,3.380211242
3.045322979,5
2.230448921,4.602059991
1.919078092,5.517195898
1.462397998,4.903089987
1.86923172,5.113943352
0.84509804,2.691965103
1.643452676,5.514704442
2.785329835,5.477121255
2.773054693,5.77815125
1.591064607,5.949660746
0.477121255,2.691965103
1.414973348,5.84509804
1.812913357,6.243038049
1.041392685,4.414973348
1.230448921,3.740362689
0,3.818159886
1.397940009,5.698970004
1.041392685,4.414973348
1.255272505,4.469822016
0.954242509,5.804820679
1.982271233,5.281033367
1.903089987,5.439332694
1.301029996,4.84509804
1.278753601,4.903089987
1.176091259,4
1.919078092,5.477121255
0,5.698970004
2.11058971,4.890421019
1.255272505,4.544068044
1.041392685,3.401400541
3.626750854,6.361727836
1.740362689,5.544068044
1.462397998,3.698970004
1.301029996,3
1.643452676,5.004970181
1.462397998,5.559906625
1.51851394,4.653212514
1.380211242,5.698970004
1.875061263,5.698970004
1.079181246,5.544068044
1.361727836,6.301029996
1.041392685,2.414973348
2.11058971,7.324282455
1.770852012,6.113943352
1.041392685,3.84509804
1.799340549,4.487604956
0.602059991,5.698970004
0.301029996,4.698970004
0.698970004,6.079181246
0.301029996,4.698970004
0.954242509,4.301029996
1.556302501,5.556302501
1.568201724,3.301029996
1.255272505,3.301029996
1.397940009,4.69019608
0,4.204119983
5.141029386,6.602059991
4.941888916,7.929418926
1.342422681,5.84509804
1.806179974,4.99639783
0.84509804,6.204119983
1.361727836,5.222716471
2.245512668,6.342422681
1.041392685,3.101747074
3.026533265,5.089905111
1.146128036,5.243038049
2.808885867,5.454378314
1.812913357,1.462397998
0,4.86332286
1,1.602059991
0.301029996,4
1.414973348,4.204119983
1.579783597,6
2.209515015,5.079181246
1.079181246,5.255272505
1.556302501,5.012837225
1.079181246,4.820844869
1.633468456,6.84509804
0.602059991,4.763427994
0.301029996,2.579783597
1.579783597,4.529815197
1.602059991,5.691965103
0.84509804,5.204119983
0.84509804,6.176091259
1.913813852,7.477121255
1.301029996,4.62324929
1.255272505,4.204119983
1.255272505,3.812913357
1.342422681,4.421603927
1.968482949,5.541579244
1.462397998,3.602059991
1.672097858,4.301029996
1.954242509,5.602059991
2.220108088,4
1.995635195,5.680335513
1.826074803,4.462397998
2.178976947,5.875061263
1.230448921,3
0.602059991,5.439332694
1.278753601,5.008600172
1.079181246,6
1.380211242,7
2.045322979,4.397940009
1.531478917,5.633468456
1.041392685,4
1,4.361727836
1.491361694,5.301029996
1.079181246,4.635955986
1.146128036,6.278753601
1.041392685,6.505149978
0.301029996,4.643452676
0.602059991,4.176091259
1.763427994,6.041392685
2.255272505,6.113943352
2.469822016,6.397940009
1.176091259,3.698970004
1.748188027,5.740362689
1.886490725,4.482044204
1.462397998,4.411788005
2.278753601,5.431363764
1.716003344,5.795880017
1.176091259,4.819543936
0,5.301029996
1.113943352,5.176091259
0,5
1.041392685,4.770852012
1.204119983,3.631545228
1.414973348,1.973127854
0,4.698970004
1.73239376,5.1430148
1.204119983,6.397940009
1.954242509,6
0.903089987,6.150938713
1.414973348,4.397940009
2.799340549,5.397940009
2.10720997,5.204119983
1.602059991,5.740362689
1.176091259,3.799547307
1.113943352,5.469823488
2.996511672,5.342422681
1.204119983,5
2.699837726,5.375643499
2.260071388,5.894869657
0.954242509,3.977723605
2.170261715,5.093561758
3.077367905,6.342422681
0.477121255,4.544068044
2.709269961,5.767437138
1.544068044,4.301029996
2.550228353,6.33243846
1.939519253,4.77815125
2.439332694,5.972665592
0.77815125,5.77815125
1.591064607,4.181672122
2.093421685,5.447158031
1.84509804,4.806179974
1.612783857,6.012837225
2.206825876,5.954242509
1.86923172,5.161368002
1.146128036,3.460597189
1.301029996,5.477121255
1.301029996,4.51851394
1.204119983,5.44870632
1.041392685,5.033423755
1.278753601,4.255272505
5.347466626,6.903089987
1.477121255,4.954242509
1.612783857,4.204119983
1.633468456,6.130333768
0,5.204119983
0.602059991,6
0.477121255,5.531478917
1.72427587,6.626340367
0.477121255,5.431363764
2.749736316,7.477121255
1.643452676,4.53877475
2.408239965,5.301029996
2.621176282,6
3.472463897,5.698970004
1.86332286,5.309630167
1.462397998,4.794146332
1.477121255,6.371067862
1.204119983,6
1.361727836,4.903089987
2.240549248,5.812913357
1.255272505,4.954242509
1,4.301029996
1.397940009,6.176091259
3.228143608,7.255272505
1.857332496,5.779596491
1.414973348,6.045881334
1.342422681,6.301029996
1.72427587,5.650307523
0.301029996,2.698970004
2.164352856,3.938269483
1.041392685,2.698970004
3.297760511,6.977723605
1.72427587,6.255272505
4.746135798,5.602059991
3.24674471,5.880241776
0.84509804,5.197445972
1.146128036,4.643452676
1.72427587,5.698970004
2.301029996,6.225309282
1.176091259,5.176091259
1.602059991,4.477121255
2.463892989,4.892094603
1.322219295,5.187520721
1.544068044,5.440507646
1.505149978,4
1.361727836,4.819543936
1.653212514,4.755874856
1.146128036,2.698970004
1.491361694,5.032215703
1.698970004,5.408239965
1.041392685,6.176091259
1.505149978,4.462397998
1.612783857,5.230448921
1.643452676,5.431363764
2.307496038,4.342422681
2.041392685,4.675879116
2.954242509,6
1.041392685,5.477121255
1.672097858,5.301029996
1.255272505,5.477121255
2.257678575,7.176091259
1.397940009,5.462397998
4.297672987,8.322219295
1.806179974,5.501059262
1.86923172,3.556302501
1.602059991,5.324282455
2.139879086,6.012837225
1.662757832,6.301029996
1.255272505,4.176091259
2.549003262,7.041392685
1.568201724,4.49497508
2.245512668,7.146128036
1.491361694,2.399673721
2.669316881,6.806179974
1.380211242,3.653212514
1.342422681,4.84509804
1.924279286,4.801115457
1.041392685,1.770852012
2.910090546,7.602059991
1.672097858,5.439332694
1.633468456,4.537214439
2.706717782,6.397940009
2.392696953,5.716837723
2.068185862,6.62838893
2.378397901,5.968482949
1.397940009,3.424064525
0.477121255,5.340444115
2.012837225,5.536776797
2.130333768,6.11058971
1.633468456,4.791781848
1.544068044,6
1,3.767155866
1.929418926,5.243043012
2.781036939,6.176091259
2.178976947,3.230448921
1.72427587,4.716003344
1.462397998,6.477121255
1.832508913,5.812913357
1.62324929,5.635483747
3.158060794,4.580719749
1.672097858,5.574754489
1.51851394,3.301029996
1.62324929,2.089905111
1.698970004,4.301029996
1.653212514,5.122546799
2.127104798,5.198657087
2.053078443,3.949390007
1.544068044,5
1.146128036,5.698970004
1.612783857,6.698970004
1.255272505,4
1.72427587,5.5001445
1.86332286,5
1.959041392,6.079181246
1.857332496,3
1.230448921,4.602059991
1.477121255,6.146128036
2.120573931,6.397940009
2.235528447,5.77815125
1.681241237,4.792391689
1.944482672,4.056904851
1.531478917,5.093421685
1.763427994,3.992155711
0.77815125,4.431363764
2.049218023,4.859318465
2.485721426,5.698970004
2.178976947,6.903089987
0.301029996,5.418301291
0.602059991,3.477121255
1.230448921,3.832508913
1.959041392,5.265089172
0,6.301029996
1.278753601,4
1.477121255,5.041392685
1.301029996,4
1.908485019,6
1.531478917,4.477121255
1.653212514,4.301029996
2.681241237,6.397940009
2.559906625,5.698970004
1.322219295,4.991226076
1.041392685,3.301029996
0,5.294466226
1.556302501,3.126780577
1.041392685,5.526339277
1.643452676,5.322219295
0.477121255,4.477121255
1.875061263,5.404833717
0,4.218588016
1.73239376,7.698970004
1.301029996,5.653212514
1.579783597,3.068185862
1,5.596597096
1.113943352,5.301029996
1.763427994,5.77815125
1.230448921,4.698970004
0.301029996,3.924279286
1.079181246,5.123851641
3.278982117,5.953446539
1.447158031,6.602059991
1.322219295,5.698970004
1.72427587,3.079181246
1.380211242,3.742410881
1.176091259,3
1.204119983,3
1.079181246,4.924279286
1.204119983,5.5774918
1.84509804,5.903089987
1.414973348,4.204119983
0.903089987,3.919078092
1.462397998,3
1.176091259,5.568201724
1.176091259,5.485721426
0.602059991,3.301029996
1.531478917,6.477121255
1.662757832,3.903089987
1,3.447158031
1,3.301029996
1.62324929,4.397940009
1.176091259,5
1.397940009,3.397940009
1.230448921,3.301029996
1.477121255,3.176091259
1.041392685,3.301029996
1.397940009,5.413299764
1.491361694,4.301029996
1.568201724,5.77815125
2.29666519,6.832508913
1.716003344,6.113943352
1.982271233,4.556302501
1.462397998,6.491361694
1.431363764,6.322219295
3.782042417,6.041392685
1.113943352,3.491361694
1.301029996,5.217483944
1.740362689,5.820201459
1.079181246,5.648360011
1.079181246,5.522444234
0.602059991,6
1.176091259,5.91831977
0.602059991,7.11058971
1.278753601,3.301029996
1.176091259,5.442479769
1.763427994,3.301029996
1.041392685,5.744292983
1.041392685,5.071882007
1.977723605,6
0.954242509,5.662757832
0.477121255,4.638489257
1.740362689,6.146128036
2.367355921,6.664792355
2.240549248,3.301029996
1.556302501,6.146128036
1,5.756636108
1.944482672,6.326335861
1.255272505,4.51096034
1.633468456,5.6599162
2.369215857,6.176091259
1.880813592,3.84509804
2.071882007,6.695481676
1.146128036,3.301029996
1.301029996,4.77815125
1.041392685,4.556302501
2.227886705,6.62324929
2.301029996,5.698970004
2.600972896,5
2.361727836,4.711461342
1.591064607,5.301029996
1.857332496,5.414973348
1.672097858,5.801726738
1.361727836,6.176091259
1.230448921,5.53529412
1.51851394,3.602059991
1.491361694,5.821664163
1.301029996,4.985529758
1.301029996,4.880813592
1.785329835,5.683047038
3.866523626,7
1.204119983,5.86569606
1.301029996,3.29841638
2.209515015,3.301029996
1.255272505,5.892094603
1.672097858,4.857332496
1.146128036,3.301029996
1.278753601,3.301029996
1.079181246,5.033423755
1.301029996,5
1.806179974,5.73239376
1.079181246,5.187520721
1.301029996,5.184691431
1.897627091,4.100060224
1.86923172,5.301029996
1.505149978,4.919078092
1.204119983,5.322219295
1.113943352,5.397940009
1.505149978,5.77815125
1.041392685,3.301029996
1.568201724,6.770852012
1.982271233,3.301029996
1,4.041392685
1,5.829303773
1.672097858,4.380211242
1.633468456,4.301029996
1.505149978,4.929418926
1.079181246,3.301029996
1.322219295,5.190331698
1.079181246,4.531478917
1.301029996,3.301029996
1.602059991,6.301029996
1.568201724,6
1.431363764,3.301029996
1.908485019,3.477121255
1.176091259,5.57634135
1.041392685,4.973127854
1.380211242,5.954242509
1.380211242,5.683947131
1.431363764,3.301029996
1.851258349,6.626645498
2.045322979,5.914118811
1.431363764,3.792391689
1.653212514,3.301029996
1.361727836,5.698970004
1.819543936,6.096910013
1.913813852,4.579783597
2.863917377,6.698970004
1.556302501,3.301029996
2.193124598,4.176091259
1.544068044,5.301029996
1,5.301029996
1.431363764,5.687528961
1,5.77815125
1.230448921,3.301029996
1.342422681,4.879571794
2.474216264,7.204119983
2.40654018,6.301029996
1.812913357,5.755874856
1.698970004,6.146128036
0.954242509,6.462397998
0.602059991,4.282916527
1.041392685,3.653212514
1.977723605,5.212187604
0.84509804,5
1.672097858,5
2.187520721,4.176091259
0.602059991,3.146128036
1.69019608,5.477121255
1.255272505,5.056439831
1.857332496,4.24767873
1.643452676,3.903089987
2.1430148,4.255272505
1.72427587,5.84509804
1.568201724,6.041392685
2.10720997,5
1.301029996,4.491361694
2.444044796,5.591064607
1.949390007,4.556302501
1.176091259,5
2.404833717,3.477121255
1.342422681,5.176091259
1.477121255,6.477121255
2.250420002,6.176091259
1.643452676,4.880813592
1.72427587,3.602059991
0,3.477121255
1.113943352,5.230448921
1.431363764,5.957128198
1.041392685,3.301029996
1.531478917,5.352182518
1.477121255,5.136149586
3.946009885,6.713826424
1.69019608,3
2,5.204119983
1.763427994,5.903089987
1.505149978,6.431363764
1.380211242,0.301029996
1.397940009,4.079181246
1.301029996,5.404833717
1.230448921,5.698970004
1.602059991,4.361727836
1.204119983,6.301029996
1.908485019,5.781036939
1.301029996,4.602059991
1.544068044,5.809559715
1.361727836,1.934498451
1.505149978,5.309630167
1.447158031,6.079181246
2.173186268,5.075546961
1.255272505,6.108121709
0.954242509,2.056904851
1.602059991,4.481428295
1.278753601,5.621176282
1.612783857,5.342422681
1.278753601,3.301029996
1.278753601,5.903089987
2.544068044,3.698970004
1.72427587,4.397940009
1.301029996,5.965671971
1.322219295,6.230448921
1.707570176,5.32425158
1.301029996,6.62324929
0.301029996,3.113943352
1.146128036,4.633468456
2.511883361,6.342422681
1.255272505,5.146128036
1.653212514,5.954242509
1.491361694,5.77815125
1.716003344,4.113943352
1.698970004,5.740362689
1.041392685,4.301029996
1.653212514,5.77815125
2.068185862,5.84509804
1,6.079181246
1.477121255,5
0.698970004,5.230448921
2.827369273,6.301029996
1.079181246,5
1.69019608,7.301029996
1.301029996,4.986771734
1.255272505,5.176091259
2.307496038,6.079181246
1.819543936,5.84509804
1.447158031,5.77815125
0.84509804,6.301029996
0.698970004,6.380211242
1.176091259,5.477121255
1.255272505,3.414973348
1.079181246,5.650307523
1.230448921,4.838849091
1.397940009,6
2.008600172,5.480006943
1.792391689,4.397940009
1.079181246,5.88536122
1.397940009,5.822168079
1.995635195,5.698970004
1.832508913,6.477121255
1.531478917,5.829303773
1.785329835,5
2.460897843,7.342422681
1.838849091,6.179310449
2.460897843,6.653212514
1.698970004,5.176091259
2.139879086,4.176091259
2.404833717,5.544068044
2.264817823,5.204119983
1.342422681,4.698970004
2.025305865,5.176091259
1.113943352,7
2.471291711,6.698970004
2.730782276,4.785329835
1.230448921,5.660865478
1.72427587,4.342422681
2.737192643,6.301029996
1.69019608,7
1.414973348,4.397940009
0.954242509,5.100370545
1.531478917,5.544068044
0.903089987,4.704922291
1.361727836,4.361727836
1.361727836,5.113943352
1.414973348,3.969415912
1.041392685,2.195899652
1.361727836,4.322219295
1.447158031,5.770115295
1.544068044,5.018201022
1.146128036,4.397940009
2.017033339,5
0.477121255,4.698970004
1.380211242,6
1.431363764,4.544068044
1.322219295,4.342422681
1.342422681,5
1,4
1.079181246,3.176091259
2.149219113,3.301029996
1.982271233,6
1.380211242,6.041392685
0.954242509,3.908485019
1.176091259,5
0.903089987,4.145320739
1.079181246,3.301029996
1.908485019,4.301029996
2.264817823,6.491361694
2.517195898,5
1.62324929,5.547774705
1.447158031,4.041392685
1.041392685,6
1.041392685,3.301029996
1.301029996,3.301029996
1.301029996,6.230448921
1.204119983,3.301029996
2.46686762,5.589949601
1.806179974,5.365487985
1,4.968482949
1.146128036,5
1.079181246,3.301029996
2.222716471,5.041392685
1.892094603,6.77815125
1.568201724,5.84509804
1.041392685,5.06069784
1.113943352,5.161368002
1.146128036,3.113943352
1.556302501,6.531478917
1.079181246,4.568201724
2.45331834,5.397940009
1.361727836,5.487138375
1.462397998,5.698970004
1.591064607,4.944482672
2.158362492,5.698970004
2.710963119,6.195068996
2.245512668,5.774516966
3.042181595,4.477121255
0.903089987,6.544068044
1,6.152288344
0,6.155336037
1.544068044,3.361727836
1.146128036,5.477121255
1.748188027,4
1.602059991,5.498310554
1.991226076,6.361727836
2.567026366,6.77815125
1.113943352,5.267171728
1.653212514,5.698970004
2.089905111,6
1.477121255,7.113943352
2.64738297,5.86923172
1.041392685,5.505149978
1.361727836,4.875061263
0.954242509,3.146128036
1.255272505,4.544068044
1.255272505,5.632457292
1.431363764,5.539076099
1.959041392,4.856734931
1.342422681,6.041392685
1.322219295,5.954242509
0.698970004,5.769728018
0.477121255,5.041436112
1.204119983,5
1,4.698970004
1.041392685,3.707570176
1.322219295,5.931457871
2.161368002,4.785329835
1.924279286,5
1.146128036,5.167317335
1.857332496,5.544068044
1.380211242,4.041392685
1.62324929,5
1.255272505,5
2.155336037,4.380211242
2.390935107,6.977723605
2.049218023,6.243038049
1.146128036,5.755874856
1.785329835,4.698970004
1.51851394,4.361727836
1.255272505,4.447158031
1.505149978,4.698970004
1.886490725,5.571708832
1.73239376,4.397940009
1.204119983,4.944482672
1.531478917,5.342422681
0.477121255,5.892808375
1.204119983,5.724840086
1.146128036,4.462397998
2.751279104,5.897627091
1.255272505,6.176091259
1.041392685,5.444044796
2.702430536,6.455222608
1,3.698970004
0.301029996,5.274157849
1.113943352,3.301029996
1.230448921,7.096910013
1.079181246,1.556302501
2.170261715,4.397940009
1.643452676,6.096910013
1.924279286,4.505597614
1.72427587,7.146128036
3.63748973,6.161368002
1.113943352,5.176091259
2.298853076,5.439332694
1.255272505,5.897627091
1.146128036,5.531478917
1.079181246,6.041392685
1.146128036,3.84540814
1.653212514,5.889301703
2.260071388,5.028380089
2.656098202,5.397940009
1,4.041392685
1.278753601,4.235528447
1,5
1.447158031,5.278753601
0.698970004,4.903089987
0.301029996,3.301029996
2.780317312,6.301029996
2.31386722,5.012837225
1.84509804,6.397940009
1.397940009,4.698970004
1.698970004,6.257678575
1.653212514,5.361727836
1.255272505,4.176091259
1.86332286,4.698970004
2.477121255,6.792391689
1.113943352,6.113943352
1.491361694,5.662757832
2.075546961,5.309630167
2.056904851,4.875061263
1.431363764,4.653212514
1.857332496,7
1.579783597,5.301029996
2.568201724,6.84509804
0.954242509,6.079181246
1.591064607,4.230448921
1.995635195,7.230448921
1.602059991,3.762303363
1.707570176,5.84509804
0.602059991,5.038027719
1.146128036,4.954242509
1.255272505,5.371067862
1.819543936,6.079181246
1.799340549,4.196507792
1.079181246,6.079181246
1.322219295,6.079181246
1.579783597,6
2.012837225,7.130333768
1.491361694,5.342422681
1.812913357,6.477121255
1.301029996,6.041392685
0,5
0.77815125,5.477121255
0.602059991,5.176091259
0.77815125,2
0,3
0.602059991,4.041392685
0.84509804,5.602059991
0.698970004,3.698970004
0.602059991,3
0.301029996,3.698970004
0.602059991,5.477121255
0.301029996,4.301029996
0.477121255,1.698970004
1.875061263,5.474631414
0.301029996,4.800029359
0.954242509,3.491361694
0.602059991,5.544068044
0.698970004,5.477121255
0,1.698970004
0.477121255,4.397940009
0.602059991,5.477121255
0.84509804,4.728353782
0.84509804,4.795880017
0,4.698970004
0,5.698970004
0.903089987,3.662757832
0.84509804,4.698970004
0.84509804,4.079181246
1.079181246,4.977723605
0,5.544068044
0.698970004,3.84509804
0.602059991,5.477121255
0.698970004,5.477121255
0.477121255,6.176091259
0.698970004,5.556302501
0.77815125,5.380211242
0,6.301029996
0,6
0.84509804,5.929418926
0.84509804,5.176091259
0.301029996,5.698970004
0.77815125,6.176091259
0,3.477121255
0,6.176091259
0.301029996,5.301029996
0,6.653212514
0,5.84509804
0.698970004,5.322219295
0.301029996,5.8162413
0.301029996,6.342422681
0,6.041392685
0.602059991,5.46834733
0.301029996,5.602059991
0.77815125,5.260071388
0,5.736396502
0,5.481442629
0.698970004,5.397940009
0.301029996,6.204119983
0.477121255,5.939019776
0.477121255,6.146128036
0.602059991,5.977723605
0.77815125,6
0.602059991,6.146128036
0.602059991,5.84509804
0.602059991,5.977723605
0.77815125,5.602059991
0,6.591064607
0.698970004,5.698970004
0.301029996,6.591064607
0.698970004,6.361727836
0.602059991,6.278753601
0.301029996,5
0.954242509,5.62324929
0,6.431363764
0.301029996,5.86923172
0.698970004,6.161368002
1.653212514,7.204119983
0.301029996,5.062581984
0.301029996,6.716003344
0.602059991,4.763427994
0,5.77815125
0,5.583198774
0,5.439332694
0.84509804,1.698970004
1.672097858,4.707995746
1.146128036,6
0,4.744191245
0,5.736396502
0.602059991,6.544068044
0.301029996,4
0.301029996,5.113943352
0,4.204119983
0.602059991,5.818885415
0,4.698970004
0.954242509,6.544068044
0.954242509,6.662757832
0.477121255,5.602059991
0.698970004,6.204119983
0.77815125,5.103803721
1.146128036,6
0.477121255,6.301029996
0.903089987,4.851258349
0.602059991,1.579783597
0,3.301029996
1,4.857332496
0.84509804,1.698970004
0.84509804,4.698970004
0.477121255,5.301029996
1.041392685,5.780317312
0.301029996,4.301029996
1.230448921,5.392696953
0.301029996,4.301029996
0,4.602059991
0.602059991,5.477121255
0,4.602059991
0.954242509,5.77815125
0,5.477121255
0.84509804,4.477121255
0,4.176091259
0.954242509,3.84509804
0.301029996,6.301029996
0.698970004,6.431363764
0.84509804,5.744292983
0.84509804,5.301029996
0,3.301029996
0,3.301029996
0.954242509,5
0.77815125,3.301029996
0.698970004,3.763427994
0.77815125,5.320146286
0.698970004,4.041392685
0.301029996,5.315970345
0.477121255,3.505149978
1.146128036,5.915399835
0.954242509,3.041392685
0.77815125,5.431363764
0.954242509,5.712649702
0.77815125,5
0.301029996,6
0,5.281033367
0.477121255,5.195899652
0.84509804,5.255272505
1.041392685,4.698970004
0.903089987,3.301029996
0.301029996,3.301029996
0.477121255,3.079181246
0.602059991,3.544068044
0.903089987,6
0.954242509,3.531478917
0.77815125,5.301029996
0.602059991,4
0.84509804,4
1.934498451,3.666517981
0.77815125,5.729812507
0.903089987,5
0.84509804,5.763427994
1.785329835,5.195899652
1.397940009,6.041392685
1.4771,6.6839
1.4771,5.8319
1.4771,4.9542
1.4771,6.3711
1.4771,6.1461
1.4771,5.0414
1.4771,3.1761
1.4771,6.4771
1.4771,5.1361
1.4771,5.6838
1.4771,5
1.4771,7.1139
1.4914,4
1.4914,5.699
1.4914,4
1.4914,4.1139
1.4914,3
1.4914,3
1.4914,5.301
1.4914,5.0322
1.4914,2.3997
1.4914,4.301
1.4914,6.3404
1.4914,5.8217
1.4914,5.7782
1.4914,5.6628
1.4914,5.3424
1.5051,4.3979
1.5051,3.699
1.5051,4.7404
1.5051,6
1.5051,4
1.5051,4.4624
1.5051,4.8111
1.5051,4.9191
1.5051,5.7782
1.5051,4.9294
1.5051,6.4314
1.5051,5.3096
1.5051,4.699
1.5051,6.699
1.5185,4.7782
1.5185,6.4382
1.5185,3
1.5185,4.301
1.5185,5.4955
1.5185,4.6532
1.5185,3.803
1.5185,3.301
1.5185,3.6021
1.5185,5.8306
1.5185,4.9542
1.5185,4.3617
1.5315,4.0645
1.5315,4.3424
1.5315,5.6675
1.5315,3.9579
1.5315,5.6335
1.5315,5.0934
1.5315,4.4771
1.5315,6.4771
1.5315,5.3522
1.5315,5.8293
1.5315,5.5441
1.5315,5.3424
1.5441,4.2304
1.5441,3.1614
1.5441,5.2175
1.5441,4.301
1.5441,5.4405
1.5441,6.8633
1.5441,6
1.5441,5
1.5441,5.301
1.5441,5.8096
1.5441,5.9191
1.5441,5.0182
1.5441,3.3617
1.5563,4.1761
1.5563,5.8451
1.5563,5.4771
1.5563,6.3979
1.5563,5.5563
1.5563,5.0128
1.5563,3.1268
1.5563,6.1461
1.5563,3.301
1.5563,6.5315
1.5682,1.699
1.5682,3.9031
1.5682,3
1.5682,3.4771
1.5682,3.301
1.5682,3.8704
1.5682,4.495
1.5682,5.7782
1.5682,6.7709
1.5682,4.6902
1.5682,6
1.5682,6.0414
1.5682,5.8451
1.5798,5.2041
1.5798,5.382
1.5798,6
1.5798,4.5298
1.5798,3.0682
1.5798,5.1139
1.5798,5.301
1.5798,6
1.5911,3.6021
1.5911,5.9489
1.5911,4.3979
1.5911,5.9497
1.5911,4.301
1.5911,4.1817
1.5911,6.2788
1.5911,5.301
1.5911,4.9445
1.5911,4.2304
1.6021,5.3802
1.6021,4.6335
1.6021,7.4472
1.6021,4.699
1.6021,4.9542
1.6021,5.692
1.6021,5.7404
1.6021,4.4771
1.6021,5.3243
1.6021,6.301
1.6021,4.3617
1.6021,4.4814
1.6021,5.4983
1.6021,3.7623
1.6128,5.0828
1.6128,6.7782
1.6128,4.1461
1.6128,6.9542
1.6128,3.5222
1.6128,6
1.6128,6.0128
1.6128,4.2041
1.6128,5.2304
1.6128,6.699
1.6128,5.3424
1.6232,4.9777
1.6232,3.5175
1.6232,3.0792
1.6232,4.0414
1.6232,3.9031
1.6232,5.6355
1.6232,2.0899
1.6232,4.3979
1.6232,5.5478
1.6232,5
1.6335,4.2788
1.6335,4.8921
1.6335,6.8451
1.6335,6.1303
1.6335,4.5372
1.6335,4.7918
1.6335,5.6599
1.6335,4.301
1.6435,5.301
1.6435,5.5147
1.6435,5.005
1.6435,4.5388
1.6435,5.4314
1.6435,5.3222
1.6435,3.9031
1.6435,4.8808
1.6435,6.0969
1.6532,4.4771
1.6532,6.6021
1.6532,4.7559
1.6532,5.1225
1.6532,4.301
1.6532,3.301
1.6532,4.6021
1.6532,5.9542
1.6532,5.7782
1.6532,5.699
1.6532,7.2041
1.6532,5.8893
1.6532,5.3617
1.6628,6.7782
1.6628,3.699
1.6628,4.7993
1.6628,6.301
1.6628,6.8633
1.6628,3.9031
1.6628,5.131
1.6721,4.708
1.6721,5.2279
1.6721,2.699
1.6721,5.5575
1.6721,7.0414
1.6721,4.1903
1.6721,5.5011
1.6721,4.301
1.6721,5.301
1.6721,5.4393
1.6721,5.5748
1.6721,5.8017
1.6721,4.8573
1.6721,4.3802
1.6721,5
1.6812,3
1.6812,4.415
1.6812,4.7924
1.6812,5.1139
1.6902,4.0792
1.6902,5.4771
1.6902,3
1.6902,7.301
1.6902,7
1.699,3.6107
1.699,4.6532
1.699,4.4472
1.699,5.1492
1.699,5.4082
1.699,4.301
1.699,6.1461
1.699,5.7404
1.699,5.1761
1.699,6.2577
1.7076,4.7597
1.7076,3.6021
1.7076,6.3114
1.7076,5.3243
1.7076,5.8451
1.716,4.5051
1.716,7.2553
1.716,5.9605
1.716,5.7959
1.716,4.301
1.716,6.1139
1.716,4.1139
1.7243,3.9031
1.7243,6.6263
1.7243,5.6503
1.7243,6.2553
1.7243,5.699
1.7243,4.716
1.7243,5.5001
1.7243,3.0792
1.7243,6.8451
1.7243,5.8451
1.7243,3.6021
1.7243,4.3979
1.7243,4.3424
1.7243,7.1461
1.7243,6.7324
1.7324,5.143
1.7324,7.699
1.7324,4.3979
1.7404,3.7782
1.7404,4.7634
1.7404,4.9868
1.7404,5.5441
1.7404,5.8202
1.7404,6.1461
1.7482,4.1761
1.7482,4.7782
1.7482,4.3617
1.7482,4
1.7482,5.7404
1.7482,4
1.7559,4
1.7559,3.5237
1.7559,5.5944
1.7634,5.7832
1.7634,6.0414
1.7634,3.9922
1.7634,5.7782
1.7634,3.301
1.7634,5.9031
1.7634,7.7559
1.7634,4.699
1.7709,3.8261
1.7709,5.0969
1.7709,6.1139
1.7709,5.2041
1.7782,4.8751
1.7782,2.1673
1.7853,4.5441
1.7853,5.683
1.7853,5
1.7853,4.699
1.7853,5.1959
1.7924,4.8808
1.7924,3.7531
1.7924,4.3979
1.7993,4.626
1.7993,4.4876
1.7993,4.1965
1.8062,4.9964
1.8062,5.5011
1.8062,5.7324
1.8062,5.3655
1.8062,6.1632
1.8062,7.8325
1.8129,5.699
1.8129,6.243
1.8129,1.4624
1.8129,5.7559
1.8129,6.4771
1.8195,5.2227
1.8195,6.0969
1.8195,5.8451
1.8195,6.0792
1.8261,5.2279
1.8261,4.0792
1.8261,5.301
1.8261,4.4624
1.8325,5.9872
1.8325,5.8129
1.8325,6.4771
1.8388,3
1.8388,5.5511
1.8388,4.4314
1.8388,6.1793
1.8451,4.8627
1.8451,4.8062
1.8451,5.9031
1.8451,6.3979
1.8513,5.699
1.8513,5.7952
1.8513,6.6266
1.8573,5.7796
1.8573,3
1.8573,5.415
1.8573,4.2477
1.8573,5.5441
1.8573,7
1.8633,5.3096
1.8633,5
1.8633,4.699
1.8692,4.0414
1.8692,5.1139
1.8692,5.1614
1.8692,3.5563
1.8692,5.301
1.8751,4.411
1.8751,5.3409
1.8751,5.699
1.8751,5.4746
1.8751,5.4048
1.8751,4.9445
1.8808,5
1.8808,3.5978
1.8808,4.699
1.8808,6.5911
1.8808,3.8451
1.8865,4.482
1.8865,5.5717
1.8921,6.7782
1.8976,4.5563
1.8976,4.1001
1.9031,5.9031
1.9031,5.301
1.9031,5.699
1.9031,5.3802
1.9031,5.4393
1.9085,6
1.9085,3.4771
1.9085,5.781
1.9085,4.301
1.9138,4.3784
1.9138,7.4771
1.9138,4.5798
1.9191,5.2041
1.9191,3.6021
1.9191,5.5172
1.9191,5.4771
1.9243,5.1538
1.9243,4.8011
1.9243,5
1.9243,4.5056
1.9294,5.243
1.9294,5.9638
1.9345,5.0679
1.9345,3.6665
1.9395,4.7782
1.9445,4.0569
1.9445,6.3263
1.9445,7.9777
1.9445,7.2175
1.9494,5.1761
1.9494,6.3617
1.9494,5.6232
1.9494,5.9542
1.9494,4.5563
1.9542,5.6021
1.9542,6
1.959,5.6464
1.959,6.0792
1.959,5.2651
1.959,4.8567
1.9685,4.7782
1.9685,5.5416
1.9731,4.4914
1.9777,5.1761
1.9777,5.659
1.9777,6
1.9777,5.2122
1.9823,5.281
1.9823,4.5563
1.9823,3.301
1.9823,6
1.9912,6.3617
1.9956,5.6803
1.9956,5.699
1.9956,7.2304
2,4.5315
2,4.9542
2,4.6021
2,5.3802
2,3
2,4.5185
2,5.2041
2.0086,5.6722
2.0086,5.48
2.0128,4.6128
2.0128,5.5368
2.0128,7.1303
2.017,4.3892
2.017,3.7782
2.017,5
2.0253,5.1761
2.0334,4.0792
2.0374,5.5647
2.0414,4.6759
2.0453,4.3979
2.0453,5.9141
2.0492,4.8593
2.0492,6.243
2.0531,3.9494
2.0569,3.9731
2.0569,4.8751
2.0645,6
2.0645,4.3979
2.0682,4.6532
2.0682,6.6284
2.0682,5.8451
2.0719,6.6955
2.0755,4.4771
2.0755,5.3096
2.0792,4.1461
2.0864,4
2.0899,6.3874
2.0899,6
2.0934,5.4472
2.0969,5.6721
2.1004,4.8976
2.1072,5.2041
2.1072,5
2.1106,4.8904
2.1106,7.3243
2.1139,3.9542
2.1139,4
2.1139,6.6532
2.1206,6.3979
2.1239,6.0414
2.1271,6.4639
2.1271,5.1987
2.1303,6.1106
2.1399,6.0128
2.1399,4.1761
2.143,4.2553
2.1492,3.301
2.1553,3.699
2.1553,4.3802
2.1584,3.7993
2.1584,5.699
2.1614,2
2.1614,5.4771
2.1614,4.7853
2.1644,5.0128
2.1644,3.9383
2.1703,5.0936
2.1703,4.3979
2.1732,5.0755
2.1761,1
2.1761,5.5441
2.1761,5.4771
2.179,5.8751
2.179,3.2304
2.179,6.9031
2.1875,4.2304
2.1875,4.5542
2.1875,4.1761
2.1931,3.699
2.1931,4.4314
2.1931,4.1761
2.1987,4.415
2.2014,6.2788
2.2068,5.4814
2.2068,5.9542
2.2095,5.0792
2.2095,3.301
2.2148,3.9974
2.2175,5.7324
2.2201,5.0792
2.2201,4
2.2227,5.699
2.2227,5.0414
2.2279,6.6232
2.2304,4.6021
2.2355,5.7782
2.2405,5.8129
2.2405,3.301
2.2455,6.3424
2.2455,7.1461
2.2455,5.7745
2.248,5.1303
2.2504,3.6232
2.2504,6.1761
2.2529,5.238
2.2553,6.1139
2.2577,7.1761
2.2601,5.8949
2.2601,5.0284
2.2648,6.6232
2.2648,5.2041
2.2648,6.4914
2.2742,6.3404
2.2788,5.4314
2.2967,6.8325
2.2989,5.4393
2.301,3.4771
2.301,3.9542
2.301,6.2253
2.301,5.699
2.3075,5.2355
2.3075,4.3424
2.3075,6.0792
2.3139,5.0128
2.3222,5.3909
2.3222,5.4409
2.3304,3.3802
2.3464,5.673
2.356,5.4771
2.3579,5.0531
2.3617,4.7115
2.3655,4.8361
2.3674,6.6648
2.3692,6.1761
2.3711,4.4624
2.3711,6.3345
2.3729,2.8376
2.3729,4.7419
2.3784,6.3617
2.3784,5.9685
2.3838,6.2095
2.3909,6.9777
2.3927,5.7168
2.3979,4.699
2.3997,5.2765
2.4048,3.4771
2.4048,5.5441
2.4065,3.8451
2.4065,6.301
2.4082,5.301
2.4116,5.5211
2.415,3.699
2.4281,5.1959
2.4393,5.9727
2.444,5.5911
2.4533,5.3979
2.4609,4.9031
2.4609,7.3424
2.4609,6.6532
2.4624,4.356
2.4639,4.8921
2.4669,5.5899
2.4698,6.3979
2.4713,6.699
2.4742,5
2.4742,7.2041
2.4771,6.7924
2.4857,5.699
2.4914,4.9243
2.4983,5.5422
2.5119,6.3424
2.5172,5
2.5378,5.4472
2.5403,5.2041
2.5441,6.5302
2.5441,3.699
2.549,7.0414
2.5502,6.3324
2.5599,5.3979
2.5599,5.699
2.567,6.7782
2.5682,6.8451
2.601,5
2.6149,4.8965
2.6212,6
2.6335,6.8971
2.6444,6.3997
2.6474,5.8692
2.6561,5.3979
2.6628,5.3979
2.6693,6.8062
2.6812,6.3979
2.6972,3.5051
2.6998,5.3756
2.7024,6.4552
2.7067,6.3979
2.7093,5.7674
2.711,6.1951
2.716,4.4771
2.7284,6.646
2.7308,4.7853
2.7372,6.301
2.7396,4.4882
2.7497,7.4771
2.7513,5.8976
2.7731,5.7782
2.7803,6.301
2.781,6.1761
2.7853,5.4771
2.7868,4.9031
2.798,5.6021
2.7993,5.3979
2.8089,5.4544
2.8274,6.301
2.8633,6.3424
2.8639,6.699
2.8993,6.4914
2.9031,5.6224
2.9042,4.7404
2.9101,7.6021
2.9138,6.5218
2.9263,6.1761
2.938,4.6335
2.9465,5.8398
2.9542,6.3979
2.9542,6
2.9643,5.4771
2.9965,5.3424
3.0166,5.4472
3.0265,5.0899
3.0422,4.4771
3.0453,5
3.0515,3.343
3.0774,6.3424
3.0792,6.5224
3.0828,5.6021
3.1169,6
3.1458,4.8222
3.1581,4.5807
3.1798,5.9949
3.2092,4.8932
3.2281,7.2553
3.2467,5.8802
3.2632,8.0969
3.2788,7
3.279,5.9534
3.2978,6.9777
3.3553,6.699
3.44,4.699
3.4725,5.699
3.6268,6.3617
3.6375,6.1614
3.7618,6.4914
3.782,6.0414
3.8665,7
3.9214,6
3.946,6.7138
3.971,6.2175
4.1787,5.9445
4.2146,6.0098
4.2898,6.6435
4.2977,8.3222
4.3011,6.4188
4.303,6.6435
4.4281,5.699
4.549,6.1194
4.7461,5.6021
4.8653,6.716
4.9419,7.9294
5.141,6.6021
5.2193,6.6485
5.3475,6.9031
